year,round,gp_name,circuit,position,driver,constructor,q1,q2,q3
2023,1,Bahrain Grand Prix,Bahrain International Circuit,1,VER,Red Bull,1:31.295,1:30.503,1:29.708
2023,1,Bahrain Grand Prix,Bahrain International Circuit,2,PER,Red Bull,1:31.479,1:30.746,1:29.846
2023,1,Bahrain Grand Prix,Bahrain International Circuit,3,LEC,Ferrari,1:31.094,1:30.282,1:30.000
2023,1,Bahrain Grand Prix,Bahrain International Circuit,4,SAI,Ferrari,1:30.993,1:30.515,1:30.154
2023,1,Bahrain Grand Prix,Bahrain International Circuit,5,ALO,Aston Martin,1:31.158,1:30.645,1:30.336
2023,1,Bahrain Grand Prix,Bahrain International Circuit,6,RUS,Mercedes,1:31.057,1:30.507,1:30.340
2023,1,Bahrain Grand Prix,Bahrain International Circuit,7,HAM,Mercedes,1:31.543,1:30.513,1:30.384
2023,1,Bahrain Grand Prix,Bahrain International Circuit,8,STR,Aston Martin,1:31.184,1:31.127,1:30.836
2023,1,Bahrain Grand Prix,Bahrain International Circuit,9,OCO,Alpine F1 Team,1:31.508,1:30.914,1:30.984
2023,1,Bahrain Grand Prix,Bahrain International Circuit,10,HUL,Haas F1 Team,1:31.204,1:30.809,
2023,1,Bahrain Grand Prix,Bahrain International Circuit,11,NOR,McLaren,1:31.652,1:31.381,
2023,1,Bahrain Grand Prix,Bahrain International Circuit,12,BOT,Alfa Romeo,1:31.504,1:31.443,
2023,1,Bahrain Grand Prix,Bahrain International Circuit,13,ZHO,Alfa Romeo,1:31.615,1:31.473,
2023,1,Bahrain Grand Prix,Bahrain International Circuit,14,TSU,AlphaTauri,1:31.400,1:32.510,
2023,1,Bahrain Grand Prix,Bahrain International Circuit,15,ALB,Williams,1:31.461,,
2023,1,Bahrain Grand Prix,Bahrain International Circuit,16,SAR,Williams,1:31.652,,
2023,1,Bahrain Grand Prix,Bahrain International Circuit,17,MAG,Haas F1 Team,1:31.892,,
2023,1,Bahrain Grand Prix,Bahrain International Circuit,18,PIA,McLaren,1:32.101,,
2023,1,Bahrain Grand Prix,Bahrain International Circuit,19,DEV,AlphaTauri,1:32.121,,
2023,1,Bahrain Grand Prix,Bahrain International Circuit,20,GAS,Alpine F1 Team,1:32.181,,
2023,2,Saudi Arabian Grand Prix,Jeddah Corniche Circuit,1,PER,Red Bull,1:29.244,1:28.635,1:28.265
2023,2,Saudi Arabian Grand Prix,Jeddah Corniche Circuit,2,LEC,Ferrari,1:29.376,1:28.903,1:28.420
2023,2,Saudi Arabian Grand Prix,Jeddah Corniche Circuit,3,ALO,Aston Martin,1:29.298,1:28.757,1:28.730
2023,2,Saudi Arabian Grand Prix,Jeddah Corniche Circuit,4,RUS,Mercedes,1:29.592,1:29.132,1:28.857
2023,2,Saudi Arabian Grand Prix,Jeddah Corniche Circuit,5,SAI,Ferrari,1:29.411,1:28.957,1:28.931
2023,2,Saudi Arabian Grand Prix,Jeddah Corniche Circuit,6,STR,Aston Martin,1:29.335,1:28.962,1:28.945
2023,2,Saudi Arabian Grand Prix,Jeddah Corniche Circuit,7,OCO,Alpine F1 Team,1:29.707,1:29.255,1:29.078
2023,2,Saudi Arabian Grand Prix,Jeddah Corniche Circuit,8,HAM,Mercedes,1:29.689,1:29.374,1:29.223
2023,2,Saudi Arabian Grand Prix,Jeddah Corniche Circuit,9,PIA,McLaren,1:29.706,1:29.378,1:29.243
2023,2,Saudi Arabian Grand Prix,Jeddah Corniche Circuit,10,GAS,Alpine F1 Team,1:29.890,1:29.411,1:29.357
2023,2,Saudi Arabian Grand Prix,Jeddah Corniche Circuit,11,HUL,Haas F1 Team,1:29.547,1:29.451,
2023,2,Saudi Arabian Grand Prix,Jeddah Corniche Circuit,12,ZHO,Alfa Romeo,1:29.654,1:29.461,
2023,2,Saudi Arabian Grand Prix,Jeddah Corniche Circuit,13,MAG,Haas F1 Team,1:29.744,1:29.634,
2023,2,Saudi Arabian Grand Prix,Jeddah Corniche Circuit,14,BOT,Alfa Romeo,1:29.929,1:29.668,
2023,2,Saudi Arabian Grand Prix,Jeddah Corniche Circuit,15,VER,Red Bull,1:28.761,1:49.953,
2023,2,Saudi Arabian Grand Prix,Jeddah Corniche Circuit,16,TSU,AlphaTauri,1:29.939,,
2023,2,Saudi Arabian Grand Prix,Jeddah Corniche Circuit,17,ALB,Williams,1:29.994,,
2023,2,Saudi Arabian Grand Prix,Jeddah Corniche Circuit,18,DEV,AlphaTauri,1:30.244,,
2023,2,Saudi Arabian Grand Prix,Jeddah Corniche Circuit,19,NOR,McLaren,1:30.447,,
2023,2,Saudi Arabian Grand Prix,Jeddah Corniche Circuit,20,SAR,Williams,2:08.510,,
2023,3,Australian Grand Prix,Albert Park Grand Prix Circuit,1,VER,Red Bull,1:17.384,1:17.056,1:16.732
2023,3,Australian Grand Prix,Albert Park Grand Prix Circuit,2,RUS,Mercedes,1:17.654,1:17.513,1:16.968
2023,3,Australian Grand Prix,Albert Park Grand Prix Circuit,3,HAM,Mercedes,1:17.689,1:17.551,1:17.104
2023,3,Australian Grand Prix,Albert Park Grand Prix Circuit,4,ALO,Aston Martin,1:17.832,1:17.283,1:17.139
2023,3,Australian Grand Prix,Albert Park Grand Prix Circuit,5,SAI,Ferrari,1:17.928,1:17.349,1:17.270
2023,3,Australian Grand Prix,Albert Park Grand Prix Circuit,6,STR,Aston Martin,1:17.873,1:17.616,1:17.308
2023,3,Australian Grand Prix,Albert Park Grand Prix Circuit,7,LEC,Ferrari,1:18.218,1:17.390,1:17.369
2023,3,Australian Grand Prix,Albert Park Grand Prix Circuit,8,ALB,Williams,1:17.962,1:17.761,1:17.609
2023,3,Australian Grand Prix,Albert Park Grand Prix Circuit,9,GAS,Alpine F1 Team,1:18.312,1:17.574,1:17.675
2023,3,Australian Grand Prix,Albert Park Grand Prix Circuit,10,HUL,Haas F1 Team,1:18.029,1:17.412,1:17.735
2023,3,Australian Grand Prix,Albert Park Grand Prix Circuit,11,OCO,Alpine F1 Team,1:17.770,1:17.768,
2023,3,Australian Grand Prix,Albert Park Grand Prix Circuit,12,TSU,AlphaTauri,1:18.471,1:18.099,
2023,3,Australian Grand Prix,Albert Park Grand Prix Circuit,13,NOR,McLaren,1:18.243,1:18.119,
2023,3,Australian Grand Prix,Albert Park Grand Prix Circuit,14,MAG,Haas F1 Team,1:18.159,1:18.129,
2023,3,Australian Grand Prix,Albert Park Grand Prix Circuit,15,DEV,AlphaTauri,1:18.450,1:18.335,
2023,3,Australian Grand Prix,Albert Park Grand Prix Circuit,16,PIA,McLaren,1:18.517,,
2023,3,Australian Grand Prix,Albert Park Grand Prix Circuit,17,ZHO,Alfa Romeo,1:18.540,,
2023,3,Australian Grand Prix,Albert Park Grand Prix Circuit,18,SAR,Williams,1:18.557,,
2023,3,Australian Grand Prix,Albert Park Grand Prix Circuit,19,BOT,Alfa Romeo,1:18.714,,
2023,3,Australian Grand Prix,Albert Park Grand Prix Circuit,20,PER,Red Bull,,,
2023,4,Azerbaijan Grand Prix,Baku City Circuit,1,LEC,Ferrari,1:41.269,1:41.037,1:40.203
2023,4,Azerbaijan Grand Prix,Baku City Circuit,2,VER,Red Bull,1:41.398,1:40.822,1:40.391
2023,4,Azerbaijan Grand Prix,Baku City Circuit,3,PER,Red Bull,1:41.756,1:41.131,1:40.495
2023,4,Azerbaijan Grand Prix,Baku City Circuit,4,SAI,Ferrari,1:42.197,1:41.369,1:41.016
2023,4,Azerbaijan Grand Prix,Baku City Circuit,5,HAM,Mercedes,1:42.113,1:41.650,1:41.177
2023,4,Azerbaijan Grand Prix,Baku City Circuit,6,ALO,Aston Martin,1:41.720,1:41.370,1:41.253
2023,4,Azerbaijan Grand Prix,Baku City Circuit,7,NOR,McLaren,1:42.154,1:41.485,1:41.281
2023,4,Azerbaijan Grand Prix,Baku City Circuit,8,TSU,AlphaTauri,1:42.234,1:41.569,1:41.581
2023,4,Azerbaijan Grand Prix,Baku City Circuit,9,STR,Aston Martin,1:42.524,1:41.576,1:41.611
2023,4,Azerbaijan Grand Prix,Baku City Circuit,10,PIA,McLaren,1:42.455,1:41.636,1:41.611
2023,4,Azerbaijan Grand Prix,Baku City Circuit,11,RUS,Mercedes,1:42.073,1:41.654,
2023,4,Azerbaijan Grand Prix,Baku City Circuit,12,OCO,Alpine F1 Team,1:42.622,1:41.798,
2023,4,Azerbaijan Grand Prix,Baku City Circuit,13,ALB,Williams,1:42.171,1:41.818,
2023,4,Azerbaijan Grand Prix,Baku City Circuit,14,BOT,Alfa Romeo,1:42.582,1:42.259,
2023,4,Azerbaijan Grand Prix,Baku City Circuit,15,SAR,Williams,1:42.242,1:42.395,
2023,4,Azerbaijan Grand Prix,Baku City Circuit,16,ZHO,Alfa Romeo,1:42.642,,
2023,4,Azerbaijan Grand Prix,Baku City Circuit,17,HUL,Haas F1 Team,1:42.755,,
2023,4,Azerbaijan Grand Prix,Baku City Circuit,18,MAG,Haas F1 Team,1:43.417,,
2023,4,Azerbaijan Grand Prix,Baku City Circuit,19,GAS,Alpine F1 Team,1:44.853,,
2023,4,Azerbaijan Grand Prix,Baku City Circuit,20,DEV,AlphaTauri,1:55.282,,
2023,5,Miami Grand Prix,Miami International Autodrome,1,PER,Red Bull,1:27.713,1:27.328,1:26.841
2023,5,Miami Grand Prix,Miami International Autodrome,2,ALO,Aston Martin,1:28.179,1:27.097,1:27.202
2023,5,Miami Grand Prix,Miami International Autodrome,3,SAI,Ferrari,1:27.686,1:27.148,1:27.349
2023,5,Miami Grand Prix,Miami International Autodrome,4,MAG,Haas F1 Team,1:27.809,1:27.673,1:27.767
2023,5,Miami Grand Prix,Miami International Autodrome,5,GAS,Alpine F1 Team,1:28.061,1:27.612,1:27.786
2023,5,Miami Grand Prix,Miami International Autodrome,6,RUS,Mercedes,1:28.086,1:27.743,1:27.804
2023,5,Miami Grand Prix,Miami International Autodrome,7,LEC,Ferrari,1:27.713,1:26.964,1:27.861
2023,5,Miami Grand Prix,Miami International Autodrome,8,OCO,Alpine F1 Team,1:27.872,1:27.444,1:27.935
2023,5,Miami Grand Prix,Miami International Autodrome,9,VER,Red Bull,1:27.363,1:26.814,
2023,5,Miami Grand Prix,Miami International Autodrome,10,BOT,Alfa Romeo,1:27.864,1:27.564,
2023,5,Miami Grand Prix,Miami International Autodrome,11,ALB,Williams,1:28.234,1:27.795,
2023,5,Miami Grand Prix,Miami International Autodrome,12,HUL,Haas F1 Team,1:27.945,1:27.903,
2023,5,Miami Grand Prix,Miami International Autodrome,13,HAM,Mercedes,1:27.846,1:27.975,
2023,5,Miami Grand Prix,Miami International Autodrome,14,ZHO,Alfa Romeo,1:28.180,1:28.091,
2023,5,Miami Grand Prix,Miami International Autodrome,15,DEV,AlphaTauri,1:28.325,1:28.395,
2023,5,Miami Grand Prix,Miami International Autodrome,16,NOR,McLaren,1:28.394,,
2023,5,Miami Grand Prix,Miami International Autodrome,17,TSU,AlphaTauri,1:28.429,,
2023,5,Miami Grand Prix,Miami International Autodrome,18,STR,Aston Martin,1:28.476,,
2023,5,Miami Grand Prix,Miami International Autodrome,19,PIA,McLaren,1:28.484,,
2023,5,Miami Grand Prix,Miami International Autodrome,20,SAR,Williams,1:28.577,,
